{"cameraMode":{"drawMode":0,"name":"Shaded","section":"Shading Mode"},"sceneLighting":false,"audioPlay":false,"sceneViewState":{"m_AlwaysRefresh":false,"showFog":true,"showSkybox":false,"showFlares":true,"showImageEffects":true,"showParticleSystems":true,"showVisualEffectGraphs":true,"m_FxEnabled":true},"in2DMode":false,"pivot":{"x":-0.025761038064956666,"y":-1.0345494747161866,"z":5.015419960021973},"rotation":{"x":0.04055625945329666,"y":-0.8923492431640625,"z":0.08187859505414963,"w":0.4420001208782196},"size":0.220646932721138,"orthographic":false}